id,Name
CUST70977942,LUCAS-NICOLAS GIGU??RE
EXTERNAL907939,LAGAN DESAI
CUST33059790,DR.JOHN WADE
CUST73457399,KIMBERLY BEST
CUST45674350,DAVID COOLEY
CUST29156003,JAMES HILL
CUST80174234,STEVEN CRUZ
EXTERNAL985690,AUSTIN OWENS
CUST12586309,EDWARD RODRIGUEZ
EXTERNAL785554,ERMIL VILENOVICH VLASOV
EXTERNAL623068,CASSIE WASHINGTON
EXTERNAL613332,ZHANG XIU LAN
EXTERNAL588669,MICHAEL PAGE
EXTERNAL870376,YANG BIN
CUST99163899,DR.DARSHIT SAWHNEY
EXTERNAL609165,LANGALIBALELE SHOZI
EXTERNAL579387,JAKE MITCHELL
CUST35475939,MICHELLE BRISSON-LAPIERRE
CUST89137381,CRAIG AGUIRRE
CUST41632480,CESAR ROBERSON
EXTERNAL676409,SAMANTHA OWEN
CUST98840303,DR.EDWARD FUENTES
CUST10521548,WHITNEY WALTON
CUST87779877,DR.FERNANDO FLORENCIA BADILLO
CUST57212625,KELLY ROBERTS
EXTERNAL796777,MATHIEU BOULANGER
CUST62878936,MATHIEU B√âLAND
EXTERNAL590333,STEPHANIE HENSLEY
CUST32417932,ADIRA DEWAN
CUST19045186,GERALD ALI
CUST75072593,DIANA ALLEN