Name,Source
TROY HERNANDEZ,CUST44605894
JOANN BERRY,CUST13316799
PATRICK PHAM,CUST44348689
CESAR ROBERSON,CUST41632480
DR.EDWARD FUENTES,CUST98840303
JASON MCINTOSH,CUST46864961
ADIRA DEWAN,CUST32417932
WHITNEY WALTON,CUST10521548
HAZEL DATTA,CUST28295610
DAISY SMITH,CUST77650473
JOHNATHAN GRIFFITH,CUST22498420
DR.FERNANDO FLORENCIA BADILLO,CUST87779877
YUVRAJ  SHERE,CUST15182071
LUCAS-NICOLAS GIGU√àRE,CUST70977942
GERALD ALI,CUST19045186
KEVIN MEYER,CUST69895799
CYNTHIA STEWART,CUST98262263
VINCENT PEREZ,CUST75429953
ELA APTE,CUST88742195
FELICIA CANTRELL,CUST39070172
REBECCA HANEY,CUST47035199
DIANA ALLEN,CUST75072593
MATHIEU B√âLAND,CUST62878936
√âLISABETH LACROIX,CUST73707963
DAVID COOLEY,CUST45674350
KIMBERLY BEST,CUST73457399
KELLY ROBERTS,CUST57212625
DR. TIFFANY CARDENAS MD,CUST28125890
MADELINE VILLARREAL,CUST15503361
MEDVEDEV NIKITA DOROFEEVICH,CUST63505111
TIMOTH√âE BOUDREAU,CUST29599066
DAVID WILKERSON,CUST85769551
NICHOLAS JOHNSON,CUST24889770
LUCIE PARADIS,CUST17098365
STEVEN CRUZ,CUST80174234
JAMES HILL,CUST29156003
MICHELLE BRISSON-LAPIERRE,CUST35475939
RASHA KAPUR,CUST31652369
DR.JOHN WADE,CUST33059790
AMANDA JOHNSON,CUST75213349
RACHAEL GAY,CUST35875963
SAMUEL MOORE,CUST13567965
CRAIG AGUIRRE,CUST89137381
DAI FAN,CUST19791581
MARY JACKSON,CUST54570501
MEGAN MORGAN,CUST47262010
JOHN ROBINSON,CUST78749858
DR.DARSHIT SAWHNEY,CUST99163899
JESSICA MURRAY,CUST20442883
LINDA AGUILAR,CUST86587232
TONY MOORE,CUST77188529
MATTHEW COOPER,CUST47437733