Community,Average_Risk,Members,IDs,Num_Members
1149,1.0,"MELISSA PRICE, MARK HARRISON","EXTERNAL401777, CUST77329011",2
531,1.0,"BENJAMIN OLSON, CODY SCOTT","CUST48256664, CUST89183795",2
131,0.75,"CHRISTOPHER GROSS, PATRICK MILLS, WANG GUI ZHEN, RICHARD GILES","CUST14536496, CUST86368599, CUST76097535, EXTERNAL400794",4
495,0.6666666666666666,"TODD DOYLE, GUO XIAO HONG, STEVEN CRUZ","CUST42220260, CUST33235910, CUST80174234",3
15,0.6666666666666666,"WANG LONG, WHITNEY WALTON, KIMBERLY BROCK","EXTERNAL943335, CUST10521548, EXTERNAL599111",3
348,0.6666666666666666,"DEBORAH JENSEN, RICHARD AUSTIN, PATRICIA WEST","CUST91716557, CUST44710962, CUST23861323",3
632,0.6666666666666666,"COREY JACKSON, ELAINE GRANT, DR.EDWARD FUENTES","CUST31304165, CUST67982648, CUST98840303",3
55,0.6071428571428571,"STEPHANIE CHAMBERS MD, HU LEI, AMANDA COLE, SARA SMITH, JESSICA MURRAY, VEDIKA DUGAR, JUDY WILLIAMS, GAO XIA, DR.TODD DAVIS, JUSTIN PORTER, SARAH WHITE, JAMES HARRINGTON, SANTIAGO BARBARA SAIZ ARREDONDO, VICTOR WHITE, DAISY SMITH, NICOLE BRUNET, MICHAEL JONES, MO NA, MARC PARENT, WILLIAM LAMBERT, ALEXANDER DAVIS, DERRICK SHAFFER, DR.TIMOTHÉE MORISSETTE, HOWARD BRYAN, MARY GREGORY, KEVIN BOLDUC, DOMINIC HOBBS, VICKIE ADAMS","CUST61346417, EXTERNAL355548, CUST95907549, EXTERNAL946348, CUST20442883, CUST13264698, CUST90947322, CUST57913348, CUST12121888, EXTERNAL544940, CUST71210039, EXTERNAL631863, CUST36161145, EXTERNAL354826, CUST77650473, CUST77785075, EXTERNAL563609, EXTERNAL513953, CUST57776704, CUST57566467, CUST69355328, CUST48808682, EXTERNAL967077, EXTERNAL646721, CUST12910352, EXTERNAL289777, CUST12175325, EXTERNAL588963",28
323,0.5909090909090909,"ZACHARIE GRENIER, OLIVIER DOUCET, ANA MEYER, MICHAEL RICHARDS, WILLIAM BAKER, VICTOR MARTINEZ, JESUS JACKSON, MÉLANIE DUBÉ, WILLIAM RODRIGUEZ, DR.JOHN WADE, DOUGLAS LLOYD, MELISSA BUCHANAN, STEPHANIE HENSLEY, KAYLA WILSON, MARIE BEAUREGARD, BRIAN CASE, REBECCA SMITH, CÉLINA NOËL, JENNIFER CLARK, JOSEPH HERNANDEZ, VIRGINIE TRUDEL-ROUSSEAU, REBECCA MOORE","EXTERNAL442222, EXTERNAL121789, CUST22385004, CUST48654180, CUST43882447, CUST70275199, CUST22806740, EXTERNAL363932, EXTERNAL152078, CUST33059790, EXTERNAL269988, CUST41966919, EXTERNAL590333, CUST67679078, CUST80344556, EXTERNAL624650, CUST37532199, EXTERNAL600611, CUST69571150, EXTERNAL535585, CUST66502857, EXTERNAL838876",22
94,0.5833333333333334,"LIANG QIAN, STEPHANIE MOORE, TONYA FARMER, HECTOR CARR, LAURIE WILLIAMS, CRYSTAL SMITH, DIYA BAWA, EMILIANO GREGORIO QUIÑONES ESCOBAR, JOSEPH DUNN, DR.MR. NATHAN PEREZ JR., SAMUEL MOORE, SHI YING","CUST56544886, CUST52310666, EXTERNAL998186, CUST13586709, EXTERNAL366135, CUST62762681, EXTERNAL647922, CUST18752246, EXTERNAL252574, CUST45680058, CUST13567965, CUST52345666",12
208,0.5833333333333334,"HONG XIA, ZHOU HONG XIA, DR.MARÍA LUISA RAMÍREZ MARÍN, DR.VIDUR KAR, RICKY PERRY, WANG QIN, LORETTA NORMAN, JOSE THOMAS, GUO XIN, WILLIAM JONES, MARK EVANS, AHANA  CHANDER","CUST40676834, CUST40676834, EXTERNAL493492, CUST40109871, EXTERNAL125225, EXTERNAL937953, CUST87388843, EXTERNAL800763, CUST24433165, CUST29042956, EXTERNAL332935, CUST17399973",12
827,0.5294117647058824,"DAVID WILKERSON, DENISE CONRAD, NICHOLAS JONES, ANTHONY STOKES, CHEYENNE DAVIS, BRIAN SHAW, ZHU NA, ZHAO PING, KENNETH LEE, ASHLEY RUSSELL, FAN DAN DAN, TRICIA ORTIZ, DEBRA BOWERS, YANG XIU RONG, JANICE MOORE, XIAN WEI, DANIEL WILLIAMS","CUST85769551, EXTERNAL416061, EXTERNAL388585, EXTERNAL467307, CUST80429850, EXTERNAL553006, EXTERNAL934686, EXTERNAL650015, EXTERNAL897633, EXTERNAL527948, EXTERNAL588946, EXTERNAL198315, CUST68179710, EXTERNAL285150, EXTERNAL523718, EXTERNAL648468, EXTERNAL463866",17
644,0.5,"MARGARET BERNARD, DR.JEFFREY ROSS","CUST46504583, CUST35877675",2
477,0.5,"AMANDA MENDOZA, BRANDON MURPHY, JI TING, JOHN ROBINSON, KAREN RICE, CAROLINE REYNOLDS","CUST42120852, CUST83144523, CUST32641490, CUST78749858, EXTERNAL103114, CUST82350298",6
583,0.5,"WILLIAM JOHNSTON, IND.ANDRÉS MESA, DAVID KING, ALICIA MORGAN","CUST40531218, CUST86536076, EXTERNAL851672, CUST84714730",4
424,0.5,"AKARSH SHETH, RANDY SCOTT, DR.ING. PATRICIA AGUILERA, WU XIN","EXTERNAL507461, CUST28434211, EXTERNAL482647, CUST55380106",4
353,0.5,"EUGENE SALAZAR, PENG JING, DANIEL ANDERSON, ASHLEY THOMPSON, BERNARD JEAN, ALEX ACEVEDO, CHRISTOPHER BROWN, SARA CASTRO","EXTERNAL107261, CUST38227557, CUST24247100, CUST48674114, CUST99122642, CUST48795506, CUST31299272, EXTERNAL267361",8
1234,0.5,"WANG QIANG, CHERYL FIELDS","CUST56065075, EXTERNAL698127",2
667,0.5,"THOMAS EVANS, DR.CYNTHIA MOORE, MELISSA DAY, ZACHARY FOWLER","CUST49543616, CUST28826154, EXTERNAL339074, EXTERNAL909837",4
645,0.5,"JONATHAN TAYLOR, JASON MCINTOSH, SARA DAVE, ÉLODIE NGUYEN","EXTERNAL200776, CUST46864961, CUST44498716, EXTERNAL245218",4
78,0.5,"DR.JESSICA WILLIAMS, TONY GUAN","CUST12992046, CUST32365345",2
726,0.5,"CÉCILE CYR, DARÍO POLANCO, DONALD LEE, SHELBY WILSON","CUST55912680, CUST64448493, CUST82014593, EXTERNAL286885",4
804,0.5,"PATRICK SCOTT, MENG XIU YUN","EXTERNAL461003, CUST64876356",2
859,0.5,"BRIAN DAVIS, TERRY THOMPSON","CUST71839380, CUST54389522",2
45,0.5,"LINDSEY LEE, MATHEW BARNES, CARL RICHARD, KRISTA MITCHELL, ELA APTE, DEBRA MORGAN","CUST11584891, CUST89915552, CUST28855796, CUST48935248, CUST88742195, CUST91414059",6
1189,0.5,"MICHEL LAROSE, MARGARET CARTER","CUST38730398, EXTERNAL573040",2
170,0.46153846153846156,"MR. CHRISTOPHER BENNETT, DAVID MORGAN, PATRICIA DIAZ, DR.CHRISTINE GAMBLE, NICHOLAS VAZQUEZ, DALE WALKER, YU HONG MEI, JACOB STONE, TIMOTHÉE BOUDREAU, ANDREW SMITH, MICHAEL LEWIS, GREGORY TATE, SANDRA BIRD","CUST74168240, CUST15877342, EXTERNAL128317, CUST62312678, EXTERNAL620595, CUST68604698, EXTERNAL130956, EXTERNAL786905, CUST29599066, CUST99776796, EXTERNAL917030, CUST32579876, EXTERNAL312836",13
90,0.4444444444444444,"DR.VINCENT SWEENEY, MAUDE NADEAU, JAMES NASH, AUSTIN OWENS, CHRISTOPHER LOGAN, CHARLOTTE LECLERC, DR.WEI YANG, KELLY MARTIN, KELLY ROBERTS","CUST51501732, CUST40711059, CUST63638224, EXTERNAL985690, CUST24664513, CUST82116037, EXTERNAL641390, CUST40776834, CUST57212625",9
250,0.4444444444444444,"NOËL BRASSARD, DR.DENISE CLOUTIER, LOUISE BLANCHETTE, REBECCA CASTANEDA, JEFFREY WALKER, SHARON HAMPTON, DOUGLAS PORTER, DANIEL DYER, BRUCE KING","EXTERNAL784848, CUST69228684, EXTERNAL225156, EXTERNAL506125, CUST78845624, EXTERNAL984831, CUST19504303, CUST19459381, CUST51009150",9
65,0.4230769230769231,"MARCO HERNANDEZ, DR.KAYLA GORDON, ROBERT SANCHEZ PHD, JONATHAN FRANKLIN, MICHELLE HANSON, ANA LEBRÓN TRUJILLO, KEVIN MEYER, OMAR MARSH, LAURIE BALDWIN, MELANIE LOPEZ, FLORENCE LAUZON-GILBERT, CRAIG AGUIRRE, RACHEL GREEN, MICHAEL ROGERS, SHANE BAKER, DANIEL SANTOS, LIC. RAMÓN JARAMILLO, HILARY MURRAY, LESLIE DEAN, DAKOTA MILLER, CHERYL YOUNG DDS, JEREMY MILLER, DR.JAMES FIGUEROA, MICHELLE SMITH, LUCAS-NICOLAS GIGUÈRE, EDDIE BELL","CUST76050174, CUST94401179, EXTERNAL290834, CUST60829394, EXTERNAL583689, CUST54692597, CUST69895799, EXTERNAL351715, CUST51251495, CUST32773954, EXTERNAL373924, CUST89137381, CUST38184025, CUST78897393, CUST93628665, CUST91156693, EXTERNAL734218, EXTERNAL214288, CUST53270747, EXTERNAL439731, CUST22695181, CUST38845412, CUST15613784, CUST12456988, CUST70977942, CUST96415364",26
41,0.4,"GUILLAUME-DANIEL SAVARD, SUSANNE-ÉLÉONORE LAFONTAINE, GUILLAUME LAROUCHE, DAI FAN, SHARON RAMOS, ALEXA CASTILLO, MARY MITCHELL, WANG SHU HUA, CHARLES BUTLER, DHANUSH MAHAJAN","EXTERNAL792371, EXTERNAL887068, CUST54437938, CUST19791581, EXTERNAL455917, CUST11339291, EXTERNAL196442, CUST11385722, EXTERNAL559103, CUST17817159",10
193,0.4,"SHAWN CARSON, JONATHAN SANTANA, DR. TIFFANY CARDENAS MD, JAMES PATTERSON, IAN LEWIS, KIM GREGORY, DR.JUSTIN ROBERTS, KAREN HAYS, DAVID SHAH, FENG LI HUA","CUST16696923, EXTERNAL316517, CUST28125890, CUST82108688, CUST39976333, EXTERNAL273233, EXTERNAL779805, EXTERNAL491606, EXTERNAL282310, EXTERNAL466863",10
48,0.38461538461538464,"JEFFREY GARCIA, DAVID STEVENSON, EMMANUELLE BOUDREAU, CHRISTOPHER BROWN, LI RONG, ZOYA GULATI, SAANVI SWAMINATHAN, BRIANA EVANS, JAMES DAVIS, GILBERT PLANTE, DR.MICHAEL BARRETT, DR.ALEXANDRE CHARTRAND-DUMAS, RONALD ANDERSON","EXTERNAL368915, CUST11760614, CUST96996451, CUST76469825, EXTERNAL390775, EXTERNAL208978, EXTERNAL645622, CUST49442340, EXTERNAL207793, CUST84148408, CUST95253985, EXTERNAL584918, CUST30271118",13
69,0.375,"JESSICA MARTINEZ, WILLIAM CANTRELL, KATELYN MCINTYRE, KELLY DAVIS, BARRY JACOBS, BROOKE PARKS, TRISTAN HUNTER, RACHEL BALL, JOHN ANDREWS, DANIEL-GUILLAUME LAUZON, JEFFREY FERNANDEZ, JUSTIN WAGNER, MONIQUE WALLS, ASTRID CHARRON, JODI SMITH, DR.DWAYNE TAYLOR, NICOLE RIVARD, DR.CHRISTOPHER MURPHY, ANGEL MEDINA, BRIAN MITCHELL, MR. JEFFREY CONNER, SANDRA THOMAS, DALIA TOMÁS COLLAZO, DR.RAPHAËL LÉVESQUE","EXTERNAL637769, CUST64512116, CUST91491547, EXTERNAL865799, EXTERNAL986490, CUST12671609, CUST17496701, EXTERNAL379239, CUST43538421, CUST34603310, EXTERNAL769464, EXTERNAL209286, CUST99711782, EXTERNAL566088, EXTERNAL180818, CUST89141759, CUST14482109, CUST73647827, EXTERNAL625340, CUST26958534, EXTERNAL579575, EXTERNAL430265, CUST56538301, EXTERNAL906161",24
38,0.375,"POPOV NIFONT EVSEEVICH, YUVRAJ  BHARGAVA, LOUISE VACHON-HAMEL, AMANDA JOHNSON, DR.TEJAS BATRA, SUSAN RODRIGUEZ, NATHAN CARTER, APRIL HORTON","EXTERNAL264989, CUST41985264, EXTERNAL848826, CUST75213349, CUST18796882, EXTERNAL493741, CUST11306504, EXTERNAL316328",8
274,0.3684210526315789,"NICHOLAS PETERS, DR.RICHARD WATSON, EMMA RODRIGUEZ, RYAN DELGADO, MICHAEL FLORES, DR.BRIAN NEWTON, RICHARD YODER, SONYA BROWN, ERIC GIBSON, GEORGES-MARC JACQUES, HOWARD FRAZIER, SHERRI CHOI, JEFFREY ROGERS, SUSAN NGUYEN, CAROL JOHNSON, LAUREN GOMEZ, GABRIELA LUCÍA ESPINO OQUENDO, RAGHAV KIBE, THOMAS STEPHENS","CUST47846653, CUST78382574, CUST45675506, CUST28899102, CUST96516710, CUST63562596, EXTERNAL272569, EXTERNAL448706, CUST50778812, EXTERNAL833856, EXTERNAL492597, CUST90001364, CUST55332291, CUST76138501, CUST89385042, CUST84301050, CUST80816116, CUST93671870, CUST44159400",19
303,0.36363636363636365,"DANIELLE GRAY, CHARLES MARTIN, WANG XIU MEI, JACQUES LACROIX, PATRICIA HUFFMAN, VANESSA DEMERS, SIMONE BÉLISLE, DR.AMANDA HUDSON, DAVID COOLEY, SUSAN FREEMAN, TIFFANY GARCIA","EXTERNAL511888, EXTERNAL756713, CUST81777790, CUST19913725, EXTERNAL901321, CUST23671542, EXTERNAL825610, CUST32349877, CUST45674350, CUST23727364, CUST21628170",11
461,0.35294117647058826,"NICHOLAS STANLEY, LAURA SMITH, INAAYA  BEDI, RASHA KAPUR, ÉLISE LABBÉ, DR.LAVANYA GHOSE, DR.YAN GUI XIANG, GABRIEL HUMPHREY, FRANCES ANDERSON, KATIE HUTCHINSON, TAMMY NGUYEN, BRIAN ALLEN, JERRY MCGUIRE, ALYSSA WATKINS, ROSALIE-ANAÏS TANGUAY, CYNTHIA ADAMS, JASON FRANCO","EXTERNAL311013, EXTERNAL734228, EXTERNAL212410, CUST31652369, EXTERNAL242826, EXTERNAL498881, EXTERNAL971235, EXTERNAL997753, EXTERNAL527902, CUST38711842, EXTERNAL818129, CUST40748487, CUST82428303, EXTERNAL501812, EXTERNAL920073, CUST54432591, EXTERNAL899180",17
140,0.34375,"ERIC CASTILLO, DR.FERNANDO FLORENCIA BADILLO, ANDRE MIDDLETON, MATTHEW RIVERA, PATRICIA ALLEN, CARLA BYRD, CHRISTIAN CLAY, JORGE BUCHANAN, DANIEL JACKSON, DOROTHY VARGAS, DR.JOSETTE LACHANCE, NANCY WILSON, RÉMY BOILY-DUBÉ, DR.LISA MILLER, KRISTA MILLER, MICHELLE WATSON, BROOKE OBRIEN, JOSE ANDERSON, WAN CHENG, MILAN DIMITRIEVICH MIHEEV, DR.JULIE KIM, MOLLY HAYS, DANIEL POTTER, CHARLOTTE LABONTÉ, EDWARD HOOVER, THERESA SCHMIDT, MATTHEW HERRING, MARTIN LOPEZ, OL'GA FELIKSOVNA JUDINA, DIANA PERRY, IND.PAUL SCHULTZ, DR.ERMIL GLEBOVICH SITNIKOV","EXTERNAL666192, CUST87779877, EXTERNAL503307, CUST75505379, CUST65966861, CUST92741397, EXTERNAL808154, CUST94650007, CUST44021019, EXTERNAL745680, CUST43701846, CUST51272629, CUST78554577, CUST50011630, CUST55203350, EXTERNAL807881, EXTERNAL892166, CUST35842264, CUST82313253, CUST24277940, CUST19394916, CUST41990367, CUST14970272, CUST46243692, EXTERNAL262559, CUST63835634, CUST80628259, CUST28552151, CUST87720590, CUST68555173, EXTERNAL221112, EXTERNAL933765",32
211,0.3333333333333333,"ANDRÉE MARTINEAU, MATTHEW SANDERS, YOLANDA BAKER, LUKE SCHNEIDER, RAPHAËL LAPOINTE, VINCENT PEREZ, SCOTT WADE, XIE LI HUA, MARCUS BELL","EXTERNAL730383, CUST29510428, EXTERNAL591529, EXTERNAL730724, CUST71808328, CUST75429953, EXTERNAL843893, CUST30611929, EXTERNAL262902",9
384,0.3333333333333333,"JAMIE PAGE, DR.WENG HONG MEI, SCOTT THOMPSON, MARCUS PADILLA, DR.TIMOTHY LEWIS, EVA YADAV","CUST68457907, EXTERNAL163718, EXTERNAL669866, CUST52831127, CUST25476094, CUST94791408",6
43,0.3333333333333333,"DAVID GOMEZ, DAVID ROBINSON, TIMOTHY WALKER, MARK WILKINSON, NATHALIE FERLAND, MARILYN GUZMAN, JOE JOHNSON, BRANDI TERRY, DR.ASHLEY WHEELER, DR.MALIK RODRIGUEZ, STEPHEN LEWIS, DR.PAULINA DEL RÍO GRIJALVA, DIANA FLOWERS, LI LI, DR.GORDEEV EVSEJ ZINOV'EVICH, PAMELA FOSTER, SANDRA KING, ÉLISABETH LACROIX, DR.MAXIME CHAMPAGNE, BRITTANY LIU, ROBERT MATA, COLETTE TURCOTTE-FILLION, IND.ALEXIS DONALDSON, SAMUEL PROVOST, LAKSHIT BATH, RACHAEL GAY, CHARLES PRICE, DR.TAMMY MARTIN, GINA RUSH, MICHAEL HUTCHINSON","EXTERNAL662669, EXTERNAL685473, EXTERNAL377659, CUST83543268, EXTERNAL554333, CUST14216108, CUST59049625, CUST11427953, EXTERNAL551443, CUST97719636, EXTERNAL728358, CUST94452264, EXTERNAL820923, CUST73352007, EXTERNAL147886, EXTERNAL861885, EXTERNAL592132, CUST73707963, EXTERNAL112763, CUST75162978, EXTERNAL439640, EXTERNAL986148, EXTERNAL826502, EXTERNAL994751, CUST12570898, CUST35875963, EXTERNAL619348, EXTERNAL988045, EXTERNAL854836, CUST39539135",30
922,0.3333333333333333,"PÉNÉLOPE GERVAIS, ROLAND MARTIN, GRANT LITTLE, UTHKARSH KHALSA, PATRICIA MARTIN, DR.SMIRNOV RUBEN MATVEEVICH","CUST55972340, CUST79971636, CUST99078762, EXTERNAL782406, EXTERNAL399093, EXTERNAL577310",6
68,0.3333333333333333,"STEVEN JENKINS, MEDVEDEV NIKITA DOROFEEVICH, PEDRO BARBER, PENG YING, HUNAR KEER, MARCEL BERTRAND, MATTHEW PRESTON, ALEXANDER SCHULTZ, CHARVI BUCH, DR.TOV. KABANOV ERMIL ANTONOVICH, MARIA MARTIN, DAVID REID, DR.CLAIRE-ZOÉ BÉGIN, LINDSAY JOHNSON MD, DR.MARTINE-ANNE ROUSSEAU, LINDSEY LOWE, STÉPHANE HOULE, SHAWNA HANSON","CUST53699007, CUST63505111, CUST29440329, CUST30211550, EXTERNAL634585, CUST52269735, CUST24692887, CUST19480092, CUST17214382, EXTERNAL646318, CUST43477221, CUST80669561, CUST95649366, EXTERNAL197476, EXTERNAL567589, CUST43872155, CUST28719653, EXTERNAL978276",18
156,0.3333333333333333,"JOSETTE PROVENCHER, HANSH RAMAKRISHNAN, RYAN MANDAL, MADELINE VILLARREAL, MONICA MITCHELL, STEPHANIE BEST, SU PING, TYLER HUNT, MARK BENNETT","CUST56895654, EXTERNAL950914, EXTERNAL200966, CUST15503361, CUST75738630, CUST79617590, CUST71109760, CUST89838718, CUST37884490",9
164,0.3333333333333333,"JUSTIN WAGNER, TANYA JAYARAMAN, ALICE LEMIEUX","EXTERNAL488204, CUST72462680, CUST73427099",3
446,0.3333333333333333,"SAVANNAH CLARK, JONATHAN SPENCER JR., LEE COOPER, ZHANG CHUN MEI, BRENDA TORRES, JUSTIN LOVE","CUST31073257, EXTERNAL460425, CUST62485266, CUST63578198, CUST41738888, CUST30118522",6
10,0.3333333333333333,"TIMOTHY JOHNSON, ALEXIS LAVALLÉE, NICOLE HENDERSON, KAYLA MARTINEZ, XIANG JUN, AMBER LUCAS, DR.MARIO VANCE, PAMELA THOMAS, RYAN VAUGHN, DR.MICHAEL JOHNSON, DR.SHARON MASON, MA JIAN, THOMAS DESBIENS, VIOLETA ABREGO, CHRISTINA DAVIES","CUST92670137, CUST26105876, CUST42500276, CUST10465526, CUST66939693, CUST19678855, CUST95429262, CUST67032027, EXTERNAL531933, CUST37766304, CUST92468556, CUST36687448, EXTERNAL931239, EXTERNAL349801, EXTERNAL978227",15
224,0.3333333333333333,"GABRIEL LAMOUREUX, MANUEL TAYLOR, DR.BRYAN RYAN, SHARON TAYLOR, IND.GLEN SALAZAR, MARYSE DUPUIS, JOSEPH BÉDARD, VANESSA DOUCET, BRIANNA ROBINSON, ROBIN HOWARD, WILLIE ALEXANDER, KAIRA SATHE, SAVANNAH MOORE, JASON DAVID, CARRIE RAMOS, CRYSTAL WALKER, PATRICK KENNEDY, JESSICA HALL MD","EXTERNAL897509, EXTERNAL320249, CUST63982571, CUST19988152, CUST79067022, CUST80372328, CUST87508238, EXTERNAL218362, EXTERNAL951679, CUST66468981, CUST33183592, CUST85284724, EXTERNAL362110, CUST18277944, CUST64241117, EXTERNAL237250, CUST96355706, EXTERNAL291214",18
12,0.3333333333333333,"DR.DARSHIT SAWHNEY, DR.RHONDA BARRON, ROBERT SIMPSON, FOMICHEVA ALEKSANDRA GENNAD'EVNA, STEVEN HALL, GUY-JÉRÔME VAILLANCOURT, JEFFREY THOMAS, DAVID FOSTER, RICHARD PEREZ, ZAIN KAUR, DR.MARK EVANS, DR.KELLY COMBS, COURTNEY MOORE, CYNTHIA PERKINS, MICHAEL SMITH, EMILY WARNER, MARC ADAMS, ANABEL BATISTA FONSECA, DR.JOSE BROWN, VICTOR-RAYMOND PARADIS, ROBERTA GOMEZ, IND.ISAEV OREST HARLAMP'EVICH, STEPHANIE ROBINSON, RENÉ-DAVID MOREAU","CUST99163899, CUST83785030, CUST80106109, EXTERNAL297656, CUST70511954, EXTERNAL695071, EXTERNAL611751, CUST32283109, EXTERNAL907333, CUST37683330, CUST94218603, EXTERNAL931436, CUST87536772, CUST55731575, CUST92627394, EXTERNAL329563, EXTERNAL750176, EXTERNAL142921, CUST64342485, CUST11892041, EXTERNAL190146, CUST84462233, CUST30893462, EXTERNAL150151",24
79,0.3142857142857143,"LI JUN, AMANDA BROWN, SUSANNE POIRIER, BAI GUI ZHI, TRACY MENDEZ, TRISTAN LAVALLÉE, DR.XU LIANG, PATRICK BAKER, MR. RICHARD BARRON, EDWARD HERNANDEZ, CHRISTINE PLANTE, ROBERT CARROLL, ANGELA SHELTON, TINA STONE, EUGENIA JUAN FLÓREZ, INAAYA  GOKHALE, DR.ERIN BERRY, FARHAN JHA, LIN SHU HUA, FELICIA CANTRELL, TODD RILEY, DR.AUSTIN SALINAS, JENNIFER WHITE, NOÉMIE GOULET, ZINOV'EV ONUFRIJ VENEDIKTOVICH, MICHAEL CLEMENTS, NANCY CORDOVA, WILLIAM CABRERA, CHRISTINA FLORES, DR.JULIEN HOUDE, APRIL MILLER, KATIE SANDOVAL, CYNTHIA STEWART, DR. WILLIAM HENDERSON, JOHN NELSON","CUST28944542, CUST26886462, EXTERNAL268143, EXTERNAL533300, CUST56139026, CUST33097384, CUST96672931, CUST93542575, CUST73075968, CUST98825753, EXTERNAL766358, EXTERNAL531873, CUST13022889, CUST29516656, EXTERNAL495851, CUST44922017, CUST17865132, CUST29656017, CUST69534474, CUST39070172, EXTERNAL286585, EXTERNAL656369, EXTERNAL830062, CUST21634154, CUST37622979, CUST73079564, EXTERNAL465987, CUST36488998, CUST26747026, EXTERNAL615674, EXTERNAL453310, EXTERNAL702255, CUST98262263, CUST89960378, EXTERNAL316961",35
394,0.2857142857142857,"MARCEL CÔTÉ, HARLAMPIJ ERMILOVICH DROZDOV, DIANA ALLEN, ALEXANDRA MARCOTTE, DONALD DUNN, YOLANDA HO, CHAD HARVEY","CUST66082220, CUST68149146, CUST75072593, EXTERNAL865638, EXTERNAL913623, EXTERNAL138921, EXTERNAL978808",7
434,0.2857142857142857,"JAMES HILL, KATHLEEN RUSSELL, ROLANDO HORACIO JUÁREZ MALAVE, AMY RAMOS, MICHAEL CAMERON, SAMANTHA SCOTT, ANAÏS LAMONTAGNE","CUST29156003, CUST68713233, CUST75744223, EXTERNAL339803, CUST29205252, EXTERNAL798251, CUST93082199",7
286,0.2857142857142857,"LOGAN SANCHEZ, THOMAS SMITH, NICHOLAS JOHNSON, MONICA BRADY, IAN PARKER, IND.DANIEL HARPER, HENRY BARNES","CUST75815916, CUST79724898, CUST24889770, EXTERNAL336224, EXTERNAL717927, EXTERNAL393210, CUST20147994",7
138,0.2857142857142857,"CÉCILE-EMMA GAGNON, DR.YANG YANG, ALINA NIKIFOROVNA MAMONTOVA, ALEXANDER BROWN, MELISSA TURNER, NATALIE MILLER, TAMMY MARSH, TIMOTHY LEWIS, LAURA SMITH, NANCY HOLT, JOSEPH WALL, JAYESH SARNA, TONYA MILLER, TAMI PORTER","EXTERNAL250541, CUST25620590, CUST28448041, EXTERNAL363020, EXTERNAL897489, CUST28325236, CUST24296444, CUST29879217, EXTERNAL420559, EXTERNAL425627, EXTERNAL925366, EXTERNAL568477, CUST88642961, CUST42143902",14
103,0.2777777777777778,"ANITA STONE, JONATHAN DAVIS, CHRISTINE LEBEL, GERALD ALI, DR.DENISE POWELL, ALICIA GONZALEZ, STACEY JONES, KAREN RIVERA, MATTHEW MILLER, THOMAS HARRIS, BRIANA MCCARTHY, NOAH PEREZ, LAGAN DESAI, HAYLEY GOLDEN, BRITTANY GRAY, DONALD ESTRADA, INDRANS SURESH, KRYLOVA ANASTASIJA EDUARDOVNA","CUST39488147, CUST42824227, CUST85601056, CUST19045186, EXTERNAL458544, CUST68455677, CUST47541541, EXTERNAL527460, CUST22508613, CUST17796980, EXTERNAL528569, CUST70072353, EXTERNAL907939, CUST36419645, CUST91518886, EXTERNAL812977, CUST60645472, CUST99651515",18
327,0.2727272727272727,"TIFFANY BOWEN, BRANDON HOWARD, SÉBASTIEN DUGUAY, LIU HUI, LUKIN RJURIK TRIFONOVICH, JOHNATHAN GRIFFITH, JÉRÔME SIROIS, AIMEE KEITH DVM, GEORGES LANDRY, REBECCA HANEY, JOYCE COLEMAN","EXTERNAL886198, EXTERNAL260755, EXTERNAL272399, EXTERNAL622718, EXTERNAL760293, CUST22498420, EXTERNAL900835, CUST39915212, CUST87601743, CUST47035199, CUST37684134",11
470,0.2727272727272727,"QIU GUI HUA, CHRISTOPHER HAYES, BENJAMIN OLSEN MD, ZHANG SHU YING, DANIELLE ROY, DR.ALEX-THÉRÈSE GILBERT, MIGUEL LAMB, BONNIE LEE, JULIE NADEAU, KEVIN COX, AAINA WALI","CUST53833901, CUST50538854, CUST32170830, CUST43701456, CUST59025493, EXTERNAL624743, CUST48662114, CUST84618280, EXTERNAL675937, CUST45753582, CUST83438895",11
220,0.26666666666666666,"BAILEY BELL, ÉLISABETH DALLAIRE, CLÉMENCE-ÉLISE MARCOUX, JONATHAN GALLEGOS, KEITH HAYNES, KENNETH BAILEY, EMMANUEL LABBÉ, AURORE-MARGOT DESJARDINS, IAN FIELDS, AVGUST AKSENOVICH SHUBIN, MICHAEL WILLIAMSON, FRANK SIMPSON, SIMONE NOËL, GRANT DOUGLAS, DR.LI GUI YING","EXTERNAL907296, CUST89868512, CUST93052452, EXTERNAL446647, CUST63930329, CUST38131074, EXTERNAL187043, EXTERNAL868798, CUST82831388, CUST90637491, EXTERNAL492710, CUST18098294, EXTERNAL437574, EXTERNAL355812, EXTERNAL245599",15
59,0.25,"JIVIKA ACHARYA, HENRY VAUGHN, PAMELA PHILLIPS, CHRISTOPHER MCCOY, JOSÉPHINE MARCOUX, DOROTHY HENDERSON, LAURENT CHOUINARD, ALEXANDRA DESROSIERS, TONY MOORE, KRISTINA ANDERSON, KELLY MOORE, FRANCISCO GONZALES, LINDA MORALES, ANTHONY JOHNSON, DR.MÓNICA GALARZA, DR.PAMELA ROMERO, STACY LEE, JON HART, STEVEN TAYLOR, DAVID HOWELL, KURT MOON, CHRISTOPHER MOON, JAMES POTTS, ERICA FUENTES","EXTERNAL177793, EXTERNAL760755, CUST12268249, EXTERNAL254407, CUST44727326, EXTERNAL541495, EXTERNAL383037, CUST51158654, CUST77188529, CUST86117064, CUST56582279, CUST49422387, EXTERNAL998053, CUST57806030, EXTERNAL188247, CUST71686100, CUST80775167, EXTERNAL574086, CUST61849551, CUST86447158, CUST99054324, EXTERNAL810734, EXTERNAL145562, CUST36695430",24
832,0.25,"STEVEN HAMMOND, BELINDA BAILEY, DR.KENNETH JOHNSTON, CHRISTELLE COULOMBE","EXTERNAL791361, CUST91609786, CUST92678602, CUST92105501",4
104,0.25,"LIU JING, KEVIN SAWYER, REBECCA YOUNG, GUY-OLIVIER BOLDUC, DR.DAWN BENNETT, SHELBY BROWN, MIRANDA GREEN, MICHEL BEAULIEU, SHRAY MALL, MAURICE TARDIF, SAMANTHA OWEN, DR. TAMARA WILLIAMS","EXTERNAL902351, EXTERNAL657584, CUST70931421, CUST77347023, EXTERNAL249798, CUST24952060, EXTERNAL996542, CUST13690232, CUST24948072, EXTERNAL493032, CUST49212816, CUST60056259",12
200,0.25,"BOBBY HARRIS, FELICIA SALAZAR, FORTUNAT USTINOVICH MASLOV, DR.RACHAEL HUBBARD, RACHAEL ROBINSON, DOUGLAS GONZALEZ, VALERIE PRUITT, PATRICK PHAM","EXTERNAL144664, CUST82072417, CUST32515777, CUST58361628, EXTERNAL801060, EXTERNAL897491, CUST72856637, CUST44348689",8
368,0.25,"SHANNON BRADLEY, KIM JENKINS, ADIRA DEWAN, EMILY MILLER","EXTERNAL114943, EXTERNAL637378, CUST32417932, CUST24682604",4
283,0.25,"DR.MARYSE-JULIE RIVARD, STEPHEN NELSON, LOUIS AUDET, VICTOR ARCHAMBAULT, FREDERICK CABRERA, COURTNEY GREENE, CODY RAMSEY, DIANA LAWRENCE, MITCHELL STANLEY, KIMBERLY SHEPHERD, ROBERT SÉGUIN, STACEY SMITH, DR. LAWRENCE MARTINEZ, TERRI SIMMONS, DR.ALEXIS VASQUEZ, BECKY WEST, JEFFERY MURPHY, YUVAAN HALDER, MATHIEU BÉLAND, JUDITH SMITH","CUST69667305, CUST54998889, CUST28146540, EXTERNAL420293, CUST44171874, CUST78818887, EXTERNAL619265, CUST68915145, EXTERNAL154493, CUST27895329, CUST90734534, CUST38927103, CUST79870489, EXTERNAL388602, CUST78136383, CUST84945112, EXTERNAL163941, EXTERNAL801218, CUST62878936, EXTERNAL428081",20
338,0.25,"BRANDON MARSHALL, BÉATRICE OUELLET, DR.MARIANO CHAPA, MR. GORDON SANTOS JR., CLAIRE PROULX, MANUEL JUAN ESPINO, GÉRARD-BERNARD DIONNE, DR.MIKE HARRIS, RACHEL TAYLOR, LINDA AGUILAR, MEGAN ELLIS, MARIA WILLIAMS PHD, JOSHUA BELL, JEFFREY HOLT, THOMAS STEWART, MICHAEL ALLEN, MEGAN MORGAN, DANIEL WOOD, DANA SCHMIDT, DR.PRISCILLA MCKEE","EXTERNAL451984, EXTERNAL642869, EXTERNAL637210, EXTERNAL525279, CUST69825409, EXTERNAL420490, CUST65130084, CUST49868626, CUST39529653, CUST86587232, CUST87816238, EXTERNAL318429, CUST23229463, EXTERNAL519910, CUST56026237, EXTERNAL432958, CUST47262010, CUST57312630, EXTERNAL452018, EXTERNAL848284",20
305,0.25,"CHARLES STANTON, HÉLÈNE LABONTÉ, MARY JACKSON, LOBANOVA VERONIKA ARHIPOVNA, PATRICIA WHITE, TUSHAR BORAH, JOSHUA ELLIS, MANIKYA MALHOTRA","EXTERNAL970572, CUST86591848, CUST54570501, CUST64111087, CUST57574021, CUST21005388, EXTERNAL476337, CUST21528956",8
199,0.25,"ANAY LAD, KRISTEN DUNCAN, LUCIE PARADIS, ALEXIS ANDERSON","EXTERNAL818255, CUST62169356, CUST17098365, CUST87293186",4
71,0.23529411764705882,"DANIEL GREEN, REBEKAH GOODWIN, DOROTHY MCLEAN, XAVIER COUTURE, ANGELA DEAN, CASEY STEVENSON, EVAN JOHNSON, WALTER WALSH, MICHELLE BRISSON-LAPIERRE, MARY PIERCE, DR.KATHRYN MILLER, IRA SANDAL, EMMA GÉLINAS, CHEN LI JUAN, STEPHEN WATERS, AMY SMITH, NATALIE HALL","EXTERNAL960330, EXTERNAL241393, CUST26372737, CUST19345268, EXTERNAL304269, CUST25216525, CUST59187176, EXTERNAL601277, CUST35475939, CUST50429660, EXTERNAL371650, EXTERNAL504847, EXTERNAL204137, EXTERNAL675782, CUST49341041, EXTERNAL185435, CUST71107394",17
301,0.23529411764705882,"JOSHUA BROWN, DENIS TESSIER, ANTHONY NGUYEN, XIA LI LI, JEFFERY HALE, ASHLEY CARPENTER, VERONICA ROBERSON, DR.NICHOLAS GRANT, DEBRA FIELDS, THOMAS PRÉVOST, LARRY RIVERA, LARRY WEAVER, MICHAEL JOHNSTON, JULIA MURPHY, RENEE MALONE, FLORENCE BÉLAND, RENÉ-ÉTIENNE ST-JEAN","EXTERNAL853169, EXTERNAL542211, CUST32838242, CUST88768781, EXTERNAL796334, CUST54247494, EXTERNAL484801, CUST92624149, EXTERNAL850852, CUST39987003, EXTERNAL299105, EXTERNAL854233, EXTERNAL216321, EXTERNAL854364, CUST36252074, CUST26431770, CUST23650072",17
32,0.22727272727272727,"AMY VINCENT, ZHOU LI, LORI TAYLOR, DR.SETH REEVES, NITYA BOBAL, DAVID WILLIAMS, DR.PAUL MARTINEZ, BRITTANY JONES, SARA ROGERS, SARAH DAUGHERTY, MICHAEL JOHNSON, JOSHUA WATSON, DORONIN DOBROSLAV JAROSLAVOVICH, NOËL LAPOINTE, CAROL JIMENEZ, MARY OLIVER, MR. RYAN DAVIDSON, ERIK HERRERA, MATTHEW COOPER, CRAIG MOORE, EDWARD FLORES, GABRIELLE ROSALES DDS","CUST43593924, CUST98903556, EXTERNAL550452, CUST50338284, CUST40004895, CUST99889838, EXTERNAL199038, EXTERNAL111407, CUST55408933, CUST91199927, CUST11208995, CUST83179230, CUST89180016, EXTERNAL750991, CUST18480796, CUST53834711, CUST11133887, EXTERNAL357870, CUST47437733, EXTERNAL587062, CUST61550231, CUST25089918",22
201,0.2222222222222222,"KIMBERLY BEST, KIMBERLY BEST, YUVRAJ  KURUVILLA, ROBERT HOWARD, TERRY FRAZIER, MARCELLE JEAN, DR.RONALD LOPEZ, DOMINIQUE HOWARD, WILLIE LAMBERT","EXTERNAL211403, CUST73457399, CUST24623825, EXTERNAL225896, EXTERNAL465772, CUST28612234, EXTERNAL265823, EXTERNAL205227, EXTERNAL578647",9
494,0.2222222222222222,"MICHAEL NELSON, STEVEN HAMMOND, COURTNEY PACE, TIYA VIRK, LIU FENG YING, CYNTHIA VALENCIA, SAMANTHA SPENCER, KIM GAMBLE, DR.CHARLENE JOHNSON","EXTERNAL973619, EXTERNAL643413, CUST75719513, CUST40996318, CUST74663932, CUST43859184, CUST38043470, CUST89416741, EXTERNAL755011",9
439,0.21428571428571427,"TRACEY ONEILL, KAYLA BELL, SHRAY VOHRA, DR.LIU JIA, ROBERT MOSS, BERNARD GERVAIS, CESAR ROBERSON, KELLY BOWERS, TIMOTHY CONTRERAS, DANA JONES, PAMELA ORTIZ, MÉLANIE-GABRIELLE LAMOUREUX, DR.TAN QIAN, DR.LAURENCE TESSIER","CUST12344389, CUST29641191, CUST34085938, CUST79322050, EXTERNAL505492, EXTERNAL989191, CUST41632480, EXTERNAL230434, EXTERNAL196734, CUST40565883, EXTERNAL558186, CUST97962618, EXTERNAL494735, CUST51144440",14
282,0.21428571428571427,"THOMAS HICKS, HAZEL DATTA, JOSHUA WRIGHT, KELSEY MILLS MD, GABRIELLE ALLEN, PAUL TRÉPANIER, JOANN ASHLEY, JASMINE WOLF, RICHARD PACE PHD, JIMMY DOMINGUEZ, KATHLEEN VEGA, DR.MEGAN KING, JENNA LEE, MARC CLARK","CUST38721914, CUST28295610, CUST38566003, EXTERNAL965034, CUST90895337, EXTERNAL633225, CUST56054611, CUST73214828, EXTERNAL172850, EXTERNAL673277, CUST19888259, CUST95706352, EXTERNAL754623, CUST48004808",14
504,0.2,"CASEY RUSSELL, TRAVIS PROCTOR, DORIS JENNINGS, CHRISTOPHER BROWN, CURTIS MILLER","CUST28201600, CUST45132020, CUST51748072, CUST34251561, EXTERNAL779298",5
81,0.2,"DANIEL ZIMMERMAN, JULIE PEREZ, GUAN SHU LAN, ANNA SPENCE, BROOKE CONWAY, JOSEPH MOYER, YUVRAJ  SHERE, LORI HARRIS, JAMES JACOBSON, EVA CHANA","CUST68158539, CUST21338264, CUST13195314, EXTERNAL103302, CUST55572313, CUST19619030, CUST15182071, CUST24500873, EXTERNAL666210, CUST88168984",10
83,0.2,"DARREN NORMAN, DR.ISABEL HESS, JOANN BERRY, ADVIK TAK, DEMENTIJ EVSEEVICH MEL'NIKOV, KATHERINE SALAZAR, CURTIS ROWE, SANDRA MCKINNEY, KARTIK HORA, SARA LYNCH, ROBIN WALKER, JOSHUA BUSH, MARIO JONES, GUY LAPIERRE, DR.BRANDON MENDOZA","CUST16666102, EXTERNAL462083, CUST13316799, CUST54072312, EXTERNAL402128, CUST22386319, CUST61149011, CUST65910095, CUST69695896, CUST99774645, EXTERNAL695268, EXTERNAL944412, CUST43213348, CUST74250810, CUST43383307",15
61,0.16666666666666666,"EVELYN MCLAUGHLIN, DR.NICHOLAS PHILLIPS, MATTHEW NIXON, LUC CARON, BRADLEY MITCHELL, CHRISTOPHER SCHNEIDER, DAWN PATTERSON, ALAIN ST-JEAN, EMILY KNAPP, RICHARD SOLIS, GREGORY ESPINOZA, MARIA GRIFFITH","CUST54606598, CUST12282122, EXTERNAL903620, EXTERNAL176084, CUST96633928, CUST35472439, EXTERNAL635759, CUST38451785, EXTERNAL120953, CUST76456669, CUST13535882, EXTERNAL552349",12
183,0.09090909090909091,"MATTHEW WELLS, DR.DANIEL CALDWELL, VIDUR SINHA, THÉRÈSE OUELLET, HENRI MARTEL, SARA JACKSON, HANNAH FLORES, TROY HERNANDEZ, AMANDA WADE, RONALD LAWSON, CHRISTOPHER MCGEE","CUST24782428, CUST23380490, CUST87067442, CUST16103932, EXTERNAL155644, CUST54409696, CUST97452978, CUST44605894, EXTERNAL377683, CUST92057127, EXTERNAL535747",11
