customer_id,name
CUST11924908,CHRISTOPHER HAYES
CUST12136191,GRIGORI ZAHAROV
CUST12724050,DR.ROBERT LITTLE
CUST13690232,MICHEL BEAULIEU
CUST14302397,MICHEL LAROSE
CUST14536496,CHRISTOPHER GROSS
CUST14546489,CHRISTOPHER BROWN
CUST14701697,GREGORY LOGAN
CUST16122141,MR. ANTHONY NGUYEN
CUST16464389,CHRISTOPHER BROWN
CUST18277944,JASON DAVID
CUST19263750,CHRISTOPHER BROWN
CUST19459381,DANIEL DYER
CUST20156034,JOSEPH KELLEY
CUST20527895,ROBERT LITTLE
CUST22576755,WANG QIANG
CUST22961124,CHRISTOPHER BROWN
CUST23634360,RYAN MILLAR
CUST25476094,DR.TIMOTHY LEWIS
CUST25486265,CHRISTOPHER BROWN
CUST27532269,WILLIAM JOHNSTON
CUST28434211,RANDY SCOTT
CUST29089814,DANIEL DYER
CUST29350651,ANTHONY NGUYEN
CUST29548186,WANG QIANG
CUST29879217,TIMOTHY LEWIS
CUST29894542,DR.JOHN WADE
CUST30118522,JUSTIN LOVE
CUST30572335,KAI XU
CUST31299272,CHRISTOPHER BROWN
CUST32365345,TONY GUAN
CUST32530220,CHRISTOPHER BROWN
CUST32838242,ANTHONY NGUYEN
CUST33059790,DR.JOHN WADE
CUST34251561,CHRISTOPHER BROWN
CUST35877675,DR.JEFFREY ROSS
CUST36467518,DR.CHRISTOPHER BROWN
CUST37348031,WILLIAM JOHNSTON
CUST38131074,KENNETH BAILEY
CUST38452909,CHRISTOPHER BROWN
CUST38730398,MICHEL LAROSE
CUST39421342,CODY SCOTT
CUST40531218,WILLIAM JOHNSTON
CUST40676834,ZHOU HONG XIA
CUST43407120,JOSEPH KELLEY
CUST44710962,RICHARD AUSTIN
CUST45005709,CHRISTOPHER GROSS
CUST46797443,CHRISTOPHER BROWN
CUST49053630,CHRISTOPHER BROWN
CUST49432995,ANTHONY NGUYEN
CUST49707613,DONALD LEE
CUST50538854,CHRISTOPHER HAYES
CUST51220484,CHRISTOPHER BROWN
CUST52609117,CHRISTOPHER BROWN
CUST52630823,CHRISTOPHER HAYES
CUST52642626,JUSTIN LOVE
CUST54389522,TERRY THOMPSON
CUST54548565,ZHOU HONG XIA
CUST55416351,DR.ANTHONY NGUYEN
CUST55612686,WANG QIANG
CUST56065075,WANG QIANG
CUST56315483,CHRISTOPHER BROWN
CUST57294568,CHRISTOPHER BROWN
CUST57879374,CHRISTOPHER BROWN
CUST58600031,DR.JEFFREY ROSS
CUST58743162,WANG QIANG
CUST61736636,CHRISTOPHER BROWN
CUST62597009,WANG QIANG
CUST63299998,KEVIN GILL
CUST68435640,TERRY THOMPSON
CUST72500458,CHRISTOPHER BROWN
CUST72752584,KEVIN GILL
CUST72905251,TIMOTHY LEWIS
CUST72930228,RANDALL WEHRKAMP
CUST73470459,CHRISTOPHER HAYES
CUST74527509,DONALD LEE JR.
CUST76469825,CHRISTOPHER BROWN
CUST77329011,MARK HARRISON
CUST77502131,DR.CODY SCOTT
CUST78382574,DR.RICHARD WATSON
CUST78502445,CHRISTOPHER BROWN
CUST79803077,CHRISTOPHER BROWN
CUST79971636,ROLAND MARTIN
CUST80815206,TIMOTHY LEWIS
CUST82014593,DONALD LEE
CUST86103256,CHRISTOPHER BROWN
CUST89183795,CODY SCOTT
CUST90756314,CHRISTOPHER HAYES
CUST91284409,ANTHONY NGUYEN
CUST92223359,KENNETH BAILEY
CUST93675258,RICHARD WATSON
CUST93898424,CHRISTOPHER BROWN
CUST95452302,CHRISTOPHER BROWN
CUST96633928,BRADLEY MITCHELL
CUST96812643,CHRISTOPHER BROWN
CUST97043768,CHRISTOPHER BROWN
CUST98083069,CHRISTOPHER BROWN
CUST98752890,JASON DAVID
CUST99590442,VANESSA RONDEAU
EXTERNAL105936,DANIEL DYER
EXTERNAL161775,JASON DAVID
EXTERNAL167556,CHRISTOPHER BROWN
EXTERNAL170503,CHRISTOPHER BROWN
EXTERNAL209286,JUSTIN WAGNER
EXTERNAL232881,RICHARD AUSTIN
EXTERNAL254368,CHRISTOPHER BROWN
EXTERNAL339447,GREGORY LOGAN
EXTERNAL344917,TERRY THOMPSON
EXTERNAL403071,WANG QIANG
EXTERNAL411604,DR.RANDY SCOTT
EXTERNAL420731,CHRISTOPHER BROWN
EXTERNAL435121,BRADLEY MITCHELL
EXTERNAL461003,PATRICK SCOTT
EXTERNAL488204,JUSTIN WAGNER
EXTERNAL505988,WANG QIANG
EXTERNAL516347,DONALD LEE
EXTERNAL520668,KENNETH BAILEY
EXTERNAL530595,ANTHONY NGUYEN
EXTERNAL531933,RYAN VAUGHN
EXTERNAL531939,KENNETH BAILEY
EXTERNAL553210,CHRISTOPHER BROWN
EXTERNAL591579,ROLAND MARTIN
EXTERNAL605399,RICHARD WATSON
EXTERNAL639335,KENNETH BAILEY
EXTERNAL643413,STEVEN HAMMOND
EXTERNAL694260,DONALD LEE
EXTERNAL714488,DONALD LEE
EXTERNAL734271,CHRISTOPHER BROWN DDS
EXTERNAL769455,DONALD LEE
EXTERNAL774665,CHRISTOPHER BROWN
EXTERNAL791361,STEVEN HAMMOND
EXTERNAL797044,CHRISTOPHER BROWN
EXTERNAL815455,DR.CHRISTOPHER BROWN
EXTERNAL870503,ANTHONY NGUYEN
EXTERNAL887989,ANTHONY NGUYEN
EXTERNAL909837,ZACHARY FOWLER
EXTERNAL968651,WANG QIANG
EXTERNAL994492,ROBERT LITTLE
CUST15703672,DR.NATHAN COLON
CUST81758889,CONCHITA ELOISA MEDRANO LERMA
CUST64532600,DR.ALICIA HUGHES
CUST66191512,ANDREW WEBER
CUST72720443,MATTHEW JOHNSON
CUST85238497,SHAWN ROBLES
CUST77650473,DAISY SMITH
CUST94316379,DENISE JACKSON
CUST44076358,ANTOINE DESROSIERS
CUST70977942,LUCAS-NICOLAS GIGUÈRE
CUST46986309,JENNIFER THOMAS
CUST23453680,ANN GONZALEZ
CUST67439390,LUCY LALONDE
CUST48405391,DR.JOSE HUMPHREY
CUST30770529,DAVID AVILA
CUST89197599,DR.SCOTT MONTES
CUST21866828,CHASE HARRISON MD
CUST73134500,JOSEPH PETERS
CUST64395866,KARLA BRAY
CUST87565727,JOSE PERKINS
CUST89145942,STEVEN ZUNIGA
CUST30469219,SUN XIANG
CUST24035625,DR.HEATHER WHEELER
CUST78136469,DR.DYLAN GRIFFIN
CUST54787846,DAVID HUMPHREY
CUST41217205,DIAMOND WILLIAMSON
CUST73707963,ÉLISABETH LACROIX
CUST45674350,DAVID COOLEY
CUST70302282,KRISTA THOMPSON
CUST22670702,DAVID WHITEHEAD
CUST34286703,ZHUANG JUAN
CUST32382890,IND.KIMBERLY COLLINS
CUST85769551,DAVID WILKERSON
CUST20146665,WILLIE HILL
CUST80174234,STEVEN CRUZ
CUST31984715,ALFRED HUNT
CUST50382728,DR.KABIR WABLE
CUST58823921,ABELARDO MEZA
CUST13350780,MELISSA MOORE
CUST75884932,BRADLEY SMITH
CUST34192628,ETHAN HARVEY
CUST62707633,DOMINIQUE-JEANNE DESCHÊNES
CUST80287321,BRIANNA GARNER
CUST60180958,ZHU PENG
CUST48720588,CHARLOTTE BEAUCHAMP-BOUCHARD
CUST22496592,WILLIAM MCINTOSH
CUST54262940,WILLIAM GALLEGOS
CUST11160506,KIMBERLY HERNANDEZ
CUST14132094,MEGHAN BROWN
CUST49735143,VLADIMIROV LAZAR' ARSENOVICH
CUST73410707,ANDREW CRUZ
CUST55846042,DR.SAMAIRA HAYER
CUST95637462,LISA BOYD
CUST55964828,ÉMILE LEPAGE
CUST63894085,JASON HERNANDEZ
CUST44605894,TROY HERNANDEZ
CUST13316799,JOANN BERRY
CUST44348689,PATRICK PHAM
CUST41632480,CESAR ROBERSON
CUST98840303,DR.EDWARD FUENTES
CUST46864961,JASON MCINTOSH
CUST32417932,ADIRA DEWAN
CUST10521548,WHITNEY WALTON
CUST28295610,HAZEL DATTA
CUST22498420,JOHNATHAN GRIFFITH
CUST87779877,DR.FERNANDO FLORENCIA BADILLO
CUST15182071,YUVRAJ  SHERE
CUST19045186,GERALD ALI
CUST69895799,KEVIN MEYER
CUST98262263,CYNTHIA STEWART
CUST75429953,VINCENT PEREZ
CUST88742195,ELA APTE
CUST39070172,FELICIA CANTRELL
CUST47035199,REBECCA HANEY
CUST75072593,DIANA ALLEN
CUST62878936,MATHIEU BÉLAND
CUST73457399,KIMBERLY BEST
CUST57212625,KELLY ROBERTS
CUST28125890,DR. TIFFANY CARDENAS MD
CUST15503361,MADELINE VILLARREAL
CUST63505111,MEDVEDEV NIKITA DOROFEEVICH
CUST29599066,TIMOTHÉE BOUDREAU
CUST24889770,NICHOLAS JOHNSON
CUST17098365,LUCIE PARADIS
CUST29156003,JAMES HILL
CUST35475939,MICHELLE BRISSON-LAPIERRE
CUST31652369,RASHA KAPUR
CUST75213349,AMANDA JOHNSON
CUST35875963,RACHAEL GAY
CUST13567965,SAMUEL MOORE
CUST89137381,CRAIG AGUIRRE
CUST19791581,DAI FAN
CUST54570501,MARY JACKSON
CUST47262010,MEGAN MORGAN
CUST78749858,JOHN ROBINSON
CUST99163899,DR.DARSHIT SAWHNEY
CUST20442883,JESSICA MURRAY
CUST86587232,LINDA AGUILAR
CUST77188529,TONY MOORE
CUST47437733,MATTHEW COOPER
